source1_entity_id	candidate_entity_ids
S1-714132312	
S1-106407869	S2-857275799,S3-776030941,S3-912471660
S1-156285671	S2-20798878,S2-505183846,S2-697514180,S2-70822028,S2-933724724,S2-968505057,S3-203608044,S3-22321512,S3-24193561,S3-36174880,S3-561839301,S3-688013575,S3-8200545,S3-835032939
S1-689823050	S2-682305910,S2-919585353,S2-984790670,S3-210636387,S3-743729368
S1-921369899	S2-336076880,S2-699224357,S2-770341988,S3-200532536,S3-28391425,S3-957068009
S1-481669221	S2-630672871,S2-767997013,S3-374810425,S3-488363429,S3-606815816,S3-844042071,S3-9842107
S1-909865979	S2-973152754,S3-356347371
S1-280204013	
S1-742053041	S2-796753102,S2-852042207,S3-70943176,S3-740414968,S3-763988006,S3-837926466
S1-913506265	S2-112287031,S2-207439352,S2-262646344,S2-459485143,S2-478128946,S2-505302528,S2-506155991,S2-554899730,S2-566025912,S2-583114929,S3-182512145,S3-305215419,S3-556228627,S3-6822167,S3-715117209,S3-780090761,S3-818722089,S3-821572423,S3-92755938
S1-479574617	S2-576201028,S2-899542587,S3-355846923,S3-619003652
S1-680637447	S2-408784329,S2-787861634,S3-155795126,S3-159233685,S3-264170444,S3-317441331,S3-611681699,S3-82573141,S3-841034461
S1-870190130	S2-313905133,S2-44209004,S2-767997013,S2-85470349,S3-993593070
S1-365170694	S2-541548865,S2-59790476,S3-454284148,S3-960416326
S1-778640743	S3-506705579,S3-807090678
S1-378191895	S2-135491601,S2-350628155,S2-496421297,S2-600460285,S2-91100310,S2-94145774,S3-177336223,S3-309079758,S3-477388194,S3-521921590,S3-606815816,S3-693984318,S3-74648608
S1-684974736	
S1-750279127	S2-408784329,S2-59790476,S2-787861634,S3-155795126,S3-264170444,S3-454284148,S3-610536355,S3-611681699,S3-82573141,S3-841034461,S3-960416326
S1-209281220	S2-61175409,S3-498143635,S3-52817413,S3-644835672,S3-716865471
S1-550154910	S3-688194826
S1-897975128	S2-501534718,S2-576201028,S2-592412285,S2-767997013,S2-817276686,S3-125349995,S3-155795126,S3-218566871,S3-29698559,S3-464088678,S3-516583759,S3-55946551,S3-577972146,S3-812557085,S3-98186645
S1-704604312	S2-186325301,S2-456952016,S2-518359538,S2-572406967,S3-167007965,S3-173398261,S3-227725397,S3-361863410,S3-46662325
S1-628750886	S2-112287031,S2-207439352,S2-262646344,S2-459485143,S2-505302528,S2-506155991,S2-554899730,S2-566025912,S2-583114929,S2-70822028,S3-182512145,S3-305215419,S3-556228627,S3-6822167,S3-715117209,S3-780090761,S3-818722089,S3-821572423,S3-92755938
S1-714038427	S2-702263933,S3-576703765,S3-972533463
S1-426194890	S2-481572644,S2-731994682,S2-902880487,S2-989542032
S1-122385784	S2-247144607,S2-726058757,S2-84473557,S3-950165485
S1-540642140	S2-598312557,S2-744098365
S1-123475953	S2-408784329,S2-787861634,S3-155795126,S3-264170444,S3-611681699,S3-82573141,S3-841034461
S1-444801830	S2-784442772,S3-180087778,S3-776500981,S3-812557085,S3-825495383,S3-970700897
S1-502376041	S2-496421297,S2-590554293,S2-918973885,S3-605289520
S1-594021398	S2-501534718,S2-576201028,S2-592412285,S2-767997013,S2-817276686,S2-899542587,S3-125349995,S3-155795126,S3-218566871,S3-29698559,S3-355846923,S3-516583759,S3-55946551,S3-619003652,S3-812557085,S3-98186645
S1-261170522	
S1-466641145	S2-20798878,S2-554899730,S2-697514180,S2-70822028,S2-933724724,S2-968505057,S3-22321512,S3-24193561,S3-36174880,S3-561839301,S3-688013575,S3-8200545,S3-853096152,S3-974312614
S1-99245709	S2-146021424,S2-154961257,S2-22034959,S2-341862186,S2-501534718,S2-630672871,S2-711854311,S2-862435993,S2-96867962,S3-125349995,S3-127741306,S3-158901285,S3-222306979,S3-250324284,S3-294208174,S3-298091709,S3-374810425,S3-431726820,S3-498143635,S3-560657213,S3-695502221,S3-86143878,S3-96795509
S1-339015166	S2-192345572,S2-442790965,S2-796991793,S2-913930320,S3-191842349
S1-614259237	S2-679511832,S3-198548382,S3-477050170,S3-535444031
S1-385801270	S2-188368209,S2-340444360,S2-425334082,S2-554899730,S2-647742770,S2-750817241,S3-28391425,S3-290413216,S3-534004445,S3-580891382,S3-630840237,S3-64079929
S1-334672926	S2-293341063,S2-747996032,S2-893716684,S3-691294985
S1-717749279	S2-188368209,S2-241220505,S2-336076880,S2-340444360,S2-425334082,S2-647742770,S2-699224357,S2-750817241,S2-770341988,S3-200532536,S3-28391425,S3-534004445,S3-556228627,S3-580891382,S3-630840237,S3-64079929,S3-957068009
S1-564662660	S2-730294781,S3-221443476
S1-41643447	S2-126915805,S2-63117139,S3-167007965
S1-581360597	
S1-946184931	
S1-244940399	
S1-616465752	S2-170244057,S2-20798878,S2-290238781,S2-468490076,S2-697514180,S2-70822028,S2-758493682,S2-933724724,S2-968505057,S3-22321512,S3-236200942,S3-24193561,S3-36174880,S3-561839301,S3-688013575,S3-8200545,S3-899716627
S1-762904067	S2-584492860,S2-799457326
S1-261476747	S2-188368209,S2-241220505,S2-340444360,S2-425334082,S2-647742770,S2-750817241,S2-758493682,S3-28391425,S3-534004445,S3-556228627,S3-580891382,S3-630840237,S3-64079929
S1-874436225	S2-232272231,S2-238118051,S2-317480348,S2-55418957,S2-584492860,S2-799457326,S3-716768106,S3-885210293
S1-816918307	S2-411272285,S2-659544192,S2-748828746
S1-52153457	S2-388594236,S2-59790476,S2-85084966,S3-454284148,S3-549298,S3-960416326
S1-867332501	S2-232272231,S2-238118051,S2-317480348,S2-496421297,S2-55418957,S2-590554293,S2-918973885,S3-716768106,S3-885210293
S1-969300060	S3-606217734
S1-930501805	S2-340420883,S3-96054713
S1-474452362	S2-20473893,S2-234200980,S3-179214561,S3-746507879,S3-943929303
S1-802731895	S2-192345572,S2-442790965,S2-541548865,S2-796991793,S2-913930320,S3-191842349
S1-39733947	S2-679511832,S3-198548382,S3-477050170,S3-535444031
S1-807424751	S2-136638989,S2-658886344,S2-853556005,S3-206642656,S3-399526928
S1-269499779	S2-146021424,S2-154961257,S2-210791875,S2-22034959,S2-341862186,S2-501534718,S2-630672871,S2-711854311,S2-862435993,S2-96867962,S3-125349995,S3-127741306,S3-158901285,S3-222306979,S3-250324284,S3-294208174,S3-298091709,S3-374810425,S3-431726820,S3-498143635,S3-560657213,S3-611681699,S3-62187351,S3-695502221,S3-86143878,S3-96795509
S1-574528784	S2-343566512,S2-750187901,S2-884102769,S3-794951235
S1-402621048	S2-166809876,S2-341862186,S2-507168266,S3-191842349,S3-207721934,S3-227725397,S3-287539645,S3-48910651,S3-560657213,S3-849725135,S3-867263634
S1-684202485	S2-260494879,S2-306547398,S2-905827553,S2-94145774,S3-10300249,S3-115653125,S3-159233685,S3-170975522,S3-179099570,S3-219041197,S3-331435880,S3-454284148,S3-517069981,S3-52817413,S3-736494730,S3-764653606,S3-958955314,S3-966230926
S1-85238196	S3-797337828
S1-569369299	S2-530061167,S3-263568414
S1-559615219	S3-975969666
S1-684318101	S2-783995897
S1-503487168	S2-146021424,S2-154961257,S2-22034959,S2-341862186,S2-501534718,S2-630672871,S2-711854311,S2-862435993,S2-96867962,S3-125349995,S3-127741306,S3-158901285,S3-222306979,S3-250324284,S3-294208174,S3-298091709,S3-374810425,S3-431726820,S3-498143635,S3-560657213,S3-695502221,S3-86143878,S3-96795509
S1-967139755	S2-698031192,S2-789698410
S1-983819279	S2-378851466,S2-388543405,S2-416362828,S2-560710588,S2-958398768
S1-577269922	S2-341862186,S2-507168266,S3-191842349,S3-236881445,S3-849725135
S1-87832748	S2-17102176,S2-394696306,S2-965432715,S3-421753436
S1-295346696	S2-23519898,S2-305637735,S2-340444360,S3-273272215,S3-543902884
S1-252468250	S2-591078525,S2-955811648,S3-644835672
S1-781801397	S2-146021424,S2-154961257,S2-22034959,S2-341862186,S2-501534718,S2-630672871,S2-711854311,S2-862435993,S2-96867962,S2-984790670,S3-125349995,S3-127741306,S3-158901285,S3-210636387,S3-222306979,S3-250324284,S3-294208174,S3-298091709,S3-374810425,S3-431726820,S3-498143635,S3-560657213,S3-695502221,S3-86143878,S3-96795509
S1-669434847	S3-688194826
S1-570053103	S2-393698052
S1-736469556	S2-388594236,S2-411272285,S2-748828746,S2-85084966,S3-549298,S3-736148715,S3-867263634,S3-976233702
S1-483126440	S2-192345572,S2-442790965,S2-796991793,S2-913930320,S3-191842349
S1-270951405	S2-146021424,S2-154961257,S2-22034959,S2-341862186,S2-501534718,S2-630672871,S2-711854311,S2-862435993,S2-96867962,S3-125349995,S3-127741306,S3-158901285,S3-222306979,S3-250324284,S3-294208174,S3-298091709,S3-374810425,S3-431726820,S3-498143635,S3-560657213,S3-695502221,S3-86143878,S3-96795509
S1-520799361	S2-481572644,S2-731994682,S2-902880487,S2-989542032,S3-593981074
S1-81033582	S2-112287031,S2-207439352,S2-262646344,S2-459485143,S2-505302528,S2-506155991,S2-554899730,S2-566025912,S2-583114929,S3-182512145,S3-273272215,S3-305215419,S3-556228627,S3-6822167,S3-715117209,S3-780090761,S3-818722089,S3-821572423,S3-92755938
S1-56410032	S3-989976791
S1-518847572	
S1-776267063	S2-112287031,S2-207439352,S2-262646344,S2-459485143,S2-505302528,S2-506155991,S2-554899730,S2-566025912,S2-583114929,S2-758493682,S3-182512145,S3-305215419,S3-369430171,S3-543902884,S3-556228627,S3-6822167,S3-715117209,S3-780090761,S3-818722089,S3-821572423,S3-92755938
S1-35309228	S2-715460557,S3-807090678
S1-493139457	S2-317480348,S2-424031278,S2-592412285
S1-895087526	S2-501534718,S2-576201028,S2-592412285,S2-767997013,S2-817276686,S3-125349995,S3-155795126,S3-218566871,S3-29698559,S3-464088678,S3-516583759,S3-55946551,S3-577972146,S3-812557085,S3-98186645
S1-829126727	S2-434748052,S2-501534718,S2-576201028,S2-592412285,S2-767997013,S2-817276686,S3-100363030,S3-125349995,S3-155795126,S3-2045650,S3-207721934,S3-218566871,S3-29698559,S3-516583759,S3-55946551,S3-579148893,S3-651489735,S3-812557085,S3-882479923,S3-98186645
S1-457973373	S2-112287031,S2-207439352,S2-262646344,S2-459485143,S2-505302528,S2-506155991,S2-554899730,S2-566025912,S2-583114929,S2-64479721,S2-758493682,S3-182512145,S3-305215419,S3-369430171,S3-556228627,S3-561839301,S3-580891382,S3-6822167,S3-715117209,S3-780090761,S3-818722089,S3-821572423,S3-92755938
S1-74852342	
S1-280936763	S2-434748052,S2-817276686,S2-984790670,S3-100363030,S3-2045650,S3-207721934,S3-210636387,S3-579148893,S3-651489735,S3-882479923
S1-999165514	S2-894301935,S3-288440193,S3-895598264
S1-395055615	S2-17102176,S2-394696306,S2-965432715,S3-421753436
S1-862701045	S2-336821634,S2-434748052,S2-817276686,S3-100363030,S3-2045650,S3-207721934,S3-579148893,S3-651489735,S3-882479923
S1-674871004	S2-785042722,S3-464265492,S3-743729368,S3-966230926
S1-287307821	S2-317480348,S2-424031278,S2-592412285,S2-61175409,S3-498143635,S3-52817413,S3-716865471
S1-273768056	S2-478128946,S2-506155991,S2-938065576,S3-273272215,S3-543902884,S3-688013575,S3-779949499,S3-869217790
S1-323395452	S2-130168190,S2-146021424,S2-154961257,S2-22034959,S2-260494879,S2-290349597,S2-341862186,S2-388594236,S2-5009845,S2-501534718,S2-594115095,S2-630672871,S2-672191745,S2-711854311,S2-862435993,S2-918973885,S2-96867962,S3-125349995,S3-127741306,S3-158901285,S3-222306979,S3-250324284,S3-294208174,S3-298091709,S3-374810425,S3-431726820,S3-498143635,S3-560657213,S3-662721327,S3-695502221,S3-86143878,S3-96795509
S1-4144001	S2-973152754,S3-356347371
S1-512210875	S2-648630388,S3-185659081
S1-143287441	S3-50281059
S1-351656683	S2-188368209,S2-340444360,S2-425334082,S2-647742770,S2-697514180,S2-750817241,S3-28391425,S3-534004445,S3-580891382,S3-630840237,S3-64079929
S1-83258310	S2-112287031,S2-207439352,S2-262646344,S2-336076880,S2-459485143,S2-505302528,S2-506155991,S2-554899730,S2-566025912,S2-583114929,S2-699224357,S2-770341988,S2-878037834,S2-938065576,S3-182512145,S3-200532536,S3-28391425,S3-305215419,S3-556228627,S3-6822167,S3-688013575,S3-715117209,S3-780090761,S3-818722089,S3-821572423,S3-869217790,S3-92755938,S3-957068009
S1-126274111	S2-231137367,S2-463756409,S2-845107728,S3-227722749,S3-520005053,S3-807090678,S3-894084902,S3-98855106
S1-991875825	S2-932162073,S3-382243274
S1-219350089	S2-450192914,S2-519059543,S2-701289183,S3-153885777,S3-507043143,S3-966021760
S1-476026008	S3-955246971
S1-595583207	S2-187095631,S2-495604525,S3-478490624
S1-660977005	S2-4583532,S2-767997013,S2-85084966,S2-918973885,S3-180087778,S3-464088678,S3-509181603,S3-764653606,S3-961421742
S1-106130112	S2-158086966,S2-539053905,S2-991288907,S3-472074707,S3-545765346,S3-760959067
S1-383508132	S2-112287031,S2-207439352,S2-262646344,S2-459485143,S2-478128946,S2-505302528,S2-506155991,S2-554899730,S2-566025912,S2-583114929,S3-182512145,S3-305215419,S3-556228627,S3-6822167,S3-715117209,S3-780090761,S3-818722089,S3-821572423,S3-92755938
S1-960747316	S2-112287031,S2-207439352,S2-262646344,S2-459485143,S2-505302528,S2-506155991,S2-554899730,S2-566025912,S2-583114929,S2-938065576,S3-182512145,S3-305215419,S3-556228627,S3-6822167,S3-688013575,S3-715117209,S3-780090761,S3-818722089,S3-821572423,S3-869217790,S3-92755938
S1-78181547	S3-184174096,S3-20973442,S3-572143343
S1-44674670	S3-207721934,S3-227725397,S3-287539645,S3-317555456,S3-48910651,S3-560657213,S3-739484686,S3-976233702,S3-9842107
S1-712639027	S2-166809876,S3-867263634
S1-875777939	S3-545765346,S3-916140155
S1-906720062	S2-408784329,S2-787861634,S2-984790670,S3-155795126,S3-210636387,S3-264170444,S3-611681699,S3-82573141,S3-841034461
S1-868609391	S2-39107260,S2-874952494,S2-89663826,S3-202030770,S3-70211138,S3-937510720
S1-842551642	S2-378851466,S2-388543405,S2-416362828,S2-560710588,S2-958398768
S1-977549219	S2-679511832,S3-198548382,S3-477050170,S3-535444031
S1-345501851	S2-878037834,S3-64079929
S1-465557953	S2-702263933,S3-576703765,S3-972533463
S1-548433616	S2-491343764
S1-542615632	S2-170268811,S2-911310489,S3-870588828
S1-396150929	S2-158121477,S2-699224357,S3-273272215,S3-512908951,S3-534004445,S3-556228627
S1-370806262	S2-903065910,S3-668979909,S3-807090678
S1-149784022	S2-278570858,S2-862000237,S3-198009537,S3-695973055
S1-208197675	S2-313905133,S2-453562565,S2-600460285,S2-673373120,S2-77137709,S2-799457326,S2-910351373,S3-173398261,S3-462677478,S3-606815816,S3-74786614,S3-813547907
S1-621024	
S1-479716586	S3-506705579,S3-897412541
S1-73366741	S2-225122945,S2-59790476,S2-784442772,S3-115653125,S3-180087778,S3-219041197,S3-454284148,S3-536202929,S3-630998672,S3-812557085,S3-960416326,S3-970700897
S1-866981273	S2-501534718,S2-576201028,S2-592412285,S2-767997013,S2-817276686,S3-125349995,S3-155795126,S3-218566871,S3-29698559,S3-516583759,S3-55946551,S3-812557085,S3-98186645
S1-48247433	S2-198008021,S3-726147053
S1-139090022	S2-584492860,S2-61175409,S2-799457326,S3-498143635,S3-50281059,S3-52817413,S3-716865471
S1-503254241	S2-682586639,S2-702263933,S3-576703765,S3-972533463
S1-102847291	S2-229677112,S2-489476783,S2-5009845,S2-510842397,S2-670406970,S3-100363030,S3-367727512,S3-683291192,S3-73958887,S3-753179170,S3-811459169
S1-619110488	S2-369987552,S2-61175409,S2-657995058,S2-765689508,S3-331435880,S3-355846923,S3-428243874,S3-498143635,S3-52817413,S3-716865471,S3-961421742
S1-623031914	S2-11497933,S2-782078221
S1-215270294	S2-247144607,S2-726058757,S2-84473557,S3-950165485
S1-762005078	S2-235259222,S2-439055696,S2-895776476,S3-268657388,S3-417315037,S3-540353197
S1-983603694	S2-408784329,S2-59790476,S2-787861634,S3-155795126,S3-264170444,S3-454284148,S3-611681699,S3-82573141,S3-841034461,S3-960416326
S1-437281614	S2-225002758,S2-269300058,S2-352215857,S3-153885777,S3-16078484,S3-191484959,S3-22088661,S3-389830698,S3-897412541
S1-590781135	S2-476476786,S2-519059543,S3-219310212
S1-423414451	S2-470617752,S3-236881445
S1-847114478	S3-191731437,S3-7528752
S1-526334226	S2-541548865,S2-934716922,S3-464088678,S3-577972146,S3-652287374,S3-819001322
S1-381894503	S2-229677112,S2-44209004,S2-5009845,S2-577684356,S2-670406970,S3-100363030,S3-367727512,S3-536202929,S3-70943176,S3-753179170,S3-811459169
S1-313092170	S2-434748052,S2-817276686,S3-100363030,S3-2045650,S3-207721934,S3-579148893,S3-651489735,S3-882479923
S1-60876864	S2-485885002,S3-813547907,S3-885210293
S1-261642209	S2-112287031,S2-207439352,S2-262646344,S2-428495612,S2-459485143,S2-505302528,S2-506155991,S2-554899730,S2-566025912,S2-583114929,S3-182512145,S3-305215419,S3-556228627,S3-6822167,S3-715117209,S3-780090761,S3-818722089,S3-821572423,S3-92755938
S1-78728267	S2-744098365
S1-308199161	S2-260494879,S2-306547398,S2-350628155,S2-496421297,S2-600460285,S2-905827553,S2-94145774,S3-10300249,S3-115653125,S3-159233685,S3-170975522,S3-177336223,S3-179099570,S3-219041197,S3-309079758,S3-331435880,S3-454284148,S3-477388194,S3-517069981,S3-52817413,S3-606815816,S3-693984318,S3-736494730,S3-74648608,S3-764653606,S3-958955314,S3-966230926
S1-358927120	S2-146021424,S2-410411373,S2-576201028,S2-779040268,S3-158901285,S3-218566871,S3-298091709,S3-50374457,S3-516583759,S3-526709055,S3-825495383
S1-337122273	S2-784442772,S3-180087778,S3-812557085,S3-970700897
S1-650650055	S2-440948455,S2-951545184,S2-984790670,S2-999853272
S1-834257002	S2-481572644,S2-731994682,S2-902880487,S2-989542032
S1-937349180	S2-701289183,S3-507043143,S3-966021760
S1-725006887	S3-688194826
S1-820730560	S2-11497933
S1-47803313	S2-369987552,S2-477732440,S2-575952928,S3-294717043,S3-825495383
S1-385569722	S2-146021424,S2-154961257,S2-22034959,S2-341862186,S2-501534718,S2-576201028,S2-592412285,S2-630672871,S2-711854311,S2-767997013,S2-817276686,S2-862435993,S2-96867962,S3-125349995,S3-127741306,S3-155795126,S3-158901285,S3-218566871,S3-222306979,S3-250324284,S3-294208174,S3-29698559,S3-298091709,S3-374810425,S3-431726820,S3-498143635,S3-516583759,S3-55946551,S3-560657213,S3-695502221,S3-812557085,S3-86143878,S3-96795509,S3-98186645
S1-453884385	S2-170268811,S2-911310489,S3-870588828
S1-650304466	S2-142569598,S2-146545453,S2-357438552,S2-369987552,S3-425007676,S3-693984318,S3-729575875,S3-962607637
S1-762839052	S3-961421742
S1-550679918	S2-984790670,S3-210636387,S3-464088678,S3-577972146
S1-659666950	S2-485885002,S3-885210293
S1-772914073	S2-130168190,S2-260494879,S2-290349597,S2-5009845,S2-594115095,S2-627682672,S2-786671109,S2-918973885
S1-860482342	S2-481572644,S2-731994682,S2-902880487,S2-989542032
S1-813052697	S2-46310803
S1-366528589	S2-46310803,S2-894301935,S3-288440193,S3-895598264
S1-720336913	S2-112287031,S2-207439352,S2-262646344,S2-459485143,S2-505302528,S2-506155991,S2-554899730,S2-566025912,S2-583114929,S3-182512145,S3-305215419,S3-556228627,S3-6822167,S3-715117209,S3-780090761,S3-818722089,S3-821572423,S3-92755938,S3-957068009
S1-640880009	S2-973152754,S3-356347371
S1-887500171	S2-245878292,S3-521783865,S3-733735582
S1-971996731	
S1-104317115	S2-146021424,S2-154961257,S2-22034959,S2-223826524,S2-341862186,S2-501534718,S2-630672871,S2-711854311,S2-748828746,S2-862435993,S2-96867962,S3-125349995,S3-127741306,S3-158901285,S3-222306979,S3-250324284,S3-294208174,S3-298091709,S3-374810425,S3-431726820,S3-498143635,S3-560657213,S3-695502221,S3-719297797,S3-86143878,S3-96795509
S1-518257638	S2-227155379,S2-383876604,S2-598312557,S3-626087419
S1-884660527	S2-269204507,S3-234011238,S3-339481146
S1-910004085	S3-661249181
S1-591894902	S2-702263933,S3-576703765,S3-972533463
S1-142638295	S2-20798878,S2-697514180,S2-70822028,S2-933724724,S2-968505057,S3-1062100,S3-22321512,S3-24193561,S3-36174880,S3-561839301,S3-688013575,S3-715117209,S3-8200545
S1-950720921	S2-313905133,S2-453562565,S2-600460285,S2-77137709,S2-910351373,S3-606815816,S3-813547907
S1-183285524	S2-481572644,S2-731994682,S2-902880487,S2-989542032
S1-714649207	S2-601767250,S3-210636387,S3-652287374
S1-841168517	
S1-819898451	S2-160823657,S2-20798878,S2-697514180,S2-70822028,S2-933724724,S2-968505057,S3-148461291,S3-161800995,S3-22321512,S3-24193561,S3-36174880,S3-509005412,S3-543902884,S3-561839301,S3-646756351,S3-688013575,S3-8200545,S3-831127676,S3-935965425
S1-949091955	S2-231137367,S2-463756409,S2-845107728,S3-227722749,S3-520005053,S3-894084902,S3-98855106
S1-552966879	S2-142569598,S2-146545453,S2-357438552,S2-369987552,S2-913930320,S3-425007676,S3-693984318,S3-962607637
S1-220057580	S2-682305910,S2-919585353,S3-743729368
S1-64462728	S2-192345572,S2-193510687,S2-385507714,S2-442790965,S2-510842397,S2-550697952,S2-575952928,S2-784442772,S2-796991793,S2-905827553,S2-913930320,S3-191842349,S3-286512684,S3-958487791
S1-807938084	S2-369987552,S2-657995058,S2-765689508,S3-331435880,S3-355846923,S3-428243874,S3-509181603
S1-693870315	S2-193510687,S2-232272231,S2-238118051,S2-317480348,S2-55418957,S3-716768106,S3-885210293
S1-455827432	S2-186325301,S2-408784329,S2-787861634,S3-155795126,S3-264170444,S3-294208174,S3-611681699,S3-82573141,S3-841034461
S1-527611593	S2-112287031,S2-207439352,S2-262646344,S2-444544903,S2-459485143,S2-505302528,S2-506155991,S2-554899730,S2-566025912,S2-583114929,S3-182512145,S3-305215419,S3-556228627,S3-6822167,S3-715117209,S3-780090761,S3-818722089,S3-821572423,S3-92755938
S1-727773972	S2-257520714,S2-400190057,S2-412565852,S2-568886805,S3-214982367,S3-341799280
S1-279446676	S2-119647643,S3-603130097
S1-918109974	
S1-615018738	S2-20798878,S2-697514180,S2-70822028,S2-933724724,S2-968505057,S3-1062100,S3-22321512,S3-24193561,S3-36174880,S3-512908951,S3-561839301,S3-688013575,S3-8200545
S1-666592077	S2-130168190,S2-59790476,S2-919241341,S2-979536106,S3-374810425,S3-606815816,S3-640539120,S3-844042071,S3-9842107
S1-509532493	
S1-992285010	S2-39107260,S2-874952494,S2-89663826,S3-202030770,S3-70211138,S3-937510720
S1-382076507	S2-130168190,S2-229677112,S2-260494879,S2-290349597,S2-5009845,S2-594115095,S2-59790476,S2-670406970,S2-918973885,S2-919241341,S2-979536106,S3-100363030,S3-367727512,S3-640539120,S3-753179170,S3-811459169
S1-185535466	S3-913148143
S1-799535694	S2-350628155,S2-496421297,S2-600460285,S2-94145774,S3-177336223,S3-309079758,S3-464088678,S3-477388194,S3-577972146,S3-606815816,S3-693984318,S3-74648608
S1-598558953	
S1-222645796	S2-846609706
S1-192481319	S2-193510687,S2-317480348,S2-424031278,S2-592412285,S2-59790476,S3-454284148,S3-960416326
S1-413573159	S2-331483512,S2-476476786,S2-615015424,S2-682586639,S3-746507879
S1-782634160	S2-313905133,S2-453562565,S2-600460285,S2-77137709,S2-910351373,S3-606815816,S3-813547907
S1-394334841	S3-265204232,S3-426534154,S3-573605691
S1-759762834	S2-411272285,S2-462183999,S2-748828746,S2-852042207,S3-159233685,S3-740414968,S3-763988006,S3-837926466
S1-653070765	S2-229677112,S2-408784329,S2-5009845,S2-670406970,S2-787861634,S3-100363030,S3-155795126,S3-264170444,S3-367727512,S3-611681699,S3-753179170,S3-811459169,S3-82573141,S3-841034461
S1-94096071	S3-495503601,S3-806209375
S1-682391735	S2-491343764,S3-273272215,S3-543902884,S3-818722089
S1-559968662	S2-192345572,S2-442790965,S2-785042722,S2-796991793,S2-913930320,S3-191842349,S3-743729368,S3-966230926
S1-964877324	S2-193510687,S2-765689508,S2-934211245
S1-883416047	S2-154961257,S2-711854311,S2-784442772,S3-180087778,S3-812557085,S3-970700897
S1-182458975	S2-247144607,S2-726058757,S2-84473557,S3-950165485
S1-339269492	
S1-621676240	S2-481572644,S2-731994682,S2-902880487,S2-989542032
S1-103138354	S3-191731437,S3-746507879,S3-7528752
S1-279963953	S3-237604674,S3-267547161
S1-317707487	
S1-391244573	S2-682305910,S2-919585353,S3-374810425,S3-606815816,S3-743729368,S3-844042071,S3-9842107
S1-603458137	S2-20473893,S2-234200980,S3-179214561,S3-943929303
S1-429550703	S2-227155379,S2-383876604,S2-598312557,S3-626087419
S1-302219416	S2-142569598,S2-146545453,S2-357438552,S2-369987552,S2-411272285,S2-748828746,S3-425007676,S3-693984318,S3-962607637
S1-693956169	S2-112287031,S2-207439352,S2-23519898,S2-262646344,S2-305637735,S2-459485143,S2-505302528,S2-506155991,S2-554899730,S2-566025912,S2-583114929,S3-182512145,S3-305215419,S3-556228627,S3-6822167,S3-715117209,S3-780090761,S3-818722089,S3-821572423,S3-92755938
S1-837916944	S2-188368209,S2-262646344,S2-340444360,S2-425334082,S2-647742770,S2-697514180,S2-750817241,S3-28391425,S3-534004445,S3-580891382,S3-630840237,S3-64079929,S3-974312614
S1-336786786	S2-199021860,S2-37424835,S2-52929474,S2-641777383,S2-85144335,S3-179214561,S3-380741339,S3-572143343,S3-593981074,S3-726772995,S3-749494147
S1-800911534	S2-222871632,S2-375151053,S2-54411910,S2-682253147,S3-222120,S3-367901084,S3-381935731,S3-468731115
S1-181883447	S2-130168190,S2-260494879,S2-275110987,S2-290349597,S2-496421297,S2-5009845,S2-518383016,S2-590554293,S2-594115095,S2-698031192,S2-871683148,S2-918973885,S3-267516505,S3-374810425,S3-431726820
S1-1433093	S2-408784329,S2-787861634,S3-155795126,S3-264170444,S3-611681699,S3-729575875,S3-82573141,S3-841034461
S1-733472967	S2-477732440,S2-541548865,S2-575952928,S2-934716922,S2-984790670,S3-210636387,S3-294717043,S3-652287374,S3-819001322
S1-89100953	S2-857275799,S3-776030941,S3-912471660
S1-848293840	S2-199021860,S2-37424835,S2-52929474,S2-641777383,S2-85144335,S3-380741339,S3-593981074,S3-726772995
S1-17003766	S2-158121477,S2-188368209,S2-340444360,S2-425334082,S2-647742770,S2-750817241,S2-933724724,S2-977401479,S3-1062100,S3-28391425,S3-534004445,S3-580891382,S3-630840237,S3-64079929,S3-643284918,S3-779949499
S1-915512126	
S1-901504091	S2-374632896,S3-749494147
S1-724741475	S2-278570858,S2-862000237,S3-198009537,S3-695973055
S1-851421910	S2-627682672,S2-786671109
S1-430298053	S2-365487618,S3-282321912
S1-307277652	S3-937140604
S1-503010787	S2-485885002,S2-590554293,S3-162993152,S3-255150389,S3-885210293
S1-520627257	S3-265204232,S3-426534154,S3-573605691
S1-667272642	S2-188368209,S2-340444360,S2-425334082,S2-583114929,S2-647742770,S2-750817241,S2-933724724,S3-1062100,S3-28391425,S3-534004445,S3-580891382,S3-630840237,S3-64079929
S1-827961773	S2-505183846,S2-64479721,S3-203608044,S3-447201746,S3-561839301,S3-580891382,S3-835032939,S3-978287417
S1-255349799	S2-142569598,S2-146545453,S2-357438552,S2-369987552,S3-425007676,S3-693984318,S3-962607637
S1-418524279	S2-20798878,S2-241220505,S2-505302528,S2-697514180,S2-70822028,S2-933724724,S2-938065576,S2-968505057,S3-22321512,S3-24193561,S3-36174880,S3-561839301,S3-688013575,S3-8200545,S3-869217790
S1-661144640	S2-193510687,S2-385507714,S2-462183999,S2-510842397,S2-550697952,S2-575952928,S2-672191745,S2-784442772,S2-905827553,S3-219844340,S3-286512684,S3-958487791
S1-892745196	S2-298281864,S2-440207111,S2-663959226,S3-668629842,S3-943890721
S1-751409146	S2-729157829,S3-354195606
S1-13506955	S2-657995058
S1-262020943	S2-260494879,S2-306547398,S2-905827553,S2-94145774,S3-10300249,S3-115653125,S3-159233685,S3-170975522,S3-179099570,S3-219041197,S3-331435880,S3-454284148,S3-517069981,S3-52817413,S3-736494730,S3-764653606,S3-958955314,S3-966230926
S1-746909581	S2-192345572,S2-193510687,S2-385507714,S2-442790965,S2-510842397,S2-550697952,S2-575952928,S2-784442772,S2-796991793,S2-905827553,S2-913930320,S3-191842349,S3-286512684,S3-958487791
S1-481776787	S2-278570858,S2-862000237,S3-198009537,S3-578512303,S3-695973055
S1-870654726	
S1-459183905	S2-701289183,S3-507043143,S3-832461160,S3-966021760
S1-782456413	S2-146021424,S2-154961257,S2-22034959,S2-341862186,S2-501534718,S2-630672871,S2-711854311,S2-862435993,S2-96867962,S3-125349995,S3-127741306,S3-158901285,S3-222306979,S3-250324284,S3-294208174,S3-298091709,S3-374810425,S3-431726820,S3-498143635,S3-560657213,S3-695502221,S3-86143878,S3-96795509
S1-687813152	
S1-528962373	S2-543623385,S3-111562263,S3-179214561,S3-572143343,S3-749494147
S1-133484055	S2-130168190,S2-260494879,S2-290349597,S2-5009845,S2-594115095,S2-852042207,S2-918973885,S3-740414968,S3-763988006,S3-837926466
S1-784673398	S2-630783962,S2-718480121,S3-8200545
S1-162954117	S2-408784329,S2-462183999,S2-787861634,S3-155795126,S3-159233685,S3-264170444,S3-611681699,S3-82573141,S3-841034461
S1-547053441	
S1-302536542	S2-654270940,S2-860947028,S2-872599903,S3-112556658,S3-17552184,S3-266018996,S3-521066083,S3-605289520,S3-811459169
S1-457601305	S2-634571997,S3-18976400,S3-430128111,S3-46662325,S3-576431503
S1-488635826	S2-930022210,S2-975659148,S3-517409976
S1-349698918	
S1-72706873	S2-384601270
S1-78029452	S2-94145774
S1-717385838	S3-98855106
S1-11379912	S3-506705579
S1-655700316	S2-17102176,S2-394696306,S2-965432715,S3-421753436
S1-484349079	S2-193510687,S2-385507714,S2-462183999,S2-510842397,S2-550697952,S2-575952928,S2-672191745,S2-784442772,S2-905827553,S3-219844340,S3-286512684,S3-958487791
S1-595486290	S2-44209004,S2-4583532,S2-577684356,S2-85084966,S2-918973885,S3-180087778,S3-464088678,S3-509181603,S3-536202929,S3-70943176,S3-764653606,S3-961421742
S1-889012090	S3-1062100,S3-512908951
S1-748500004	S2-153022216,S2-449438476,S3-416247723,S3-578512303
S1-587404171	S2-742077842,S3-753179170
S1-986604838	S2-44209004,S2-577684356,S2-784442772,S2-999853272,S3-536202929,S3-70943176
S1-766408899	S2-59790476,S3-454284148,S3-960416326
S1-507163415	S2-331483512,S2-476476786,S2-615015424,S2-682586639,S3-746507879
S1-873761236	S2-809665812
S1-655802552	S2-20798878,S2-425334082,S2-428495612,S2-697514180,S2-70822028,S2-878037834,S2-933724724,S2-968505057,S3-148461291,S3-161800995,S3-182512145,S3-22321512,S3-24193561,S3-36174880,S3-561839301,S3-688013575,S3-8200545
S1-327983313	S2-193510687,S2-385507714,S2-408784329,S2-510842397,S2-550697952,S2-575952928,S2-784442772,S2-787861634,S2-905827553,S3-155795126,S3-264170444,S3-286512684,S3-611681699,S3-82573141,S3-841034461,S3-958487791
S1-77383698	S2-598312557,S2-744098365
S1-273531258	S2-146021424,S2-154961257,S2-22034959,S2-341862186,S2-501534718,S2-572406967,S2-630672871,S2-711854311,S2-862435993,S2-96867962,S3-125349995,S3-127741306,S3-158901285,S3-167007965,S3-222306979,S3-250324284,S3-294208174,S3-298091709,S3-374810425,S3-431726820,S3-498143635,S3-560657213,S3-695502221,S3-86143878,S3-96795509
S1-772535560	S2-584492860,S2-799457326
S1-598136304	S2-135491601,S2-146021424,S2-154961257,S2-22034959,S2-341862186,S2-440948455,S2-501534718,S2-630672871,S2-711854311,S2-862435993,S2-96867962,S3-125349995,S3-127741306,S3-158901285,S3-222306979,S3-250324284,S3-294208174,S3-298091709,S3-374810425,S3-431726820,S3-498143635,S3-560657213,S3-695502221,S3-86143878,S3-96795509
S1-789788578	
S1-346777444	S2-543623385,S3-111562263
S1-544222533	S2-796753102
S1-493959729	S2-351055128,S2-5009845,S2-61175409,S2-778895506,S2-965614954,S3-177336223,S3-498143635,S3-52817413,S3-716865471,S3-732122684
S1-430462466	S2-481572644,S2-731994682,S2-902880487,S2-989542032,S3-746507879
S1-792204527	S2-27508375,S2-54101700,S2-627682672,S2-767997013
S1-788563249	S2-630783962,S3-8200545
S1-198662647	S2-305285654,S3-207721934,S3-227725397,S3-287539645,S3-48910651,S3-560657213
S1-431137009	S2-543623385,S3-111562263
S1-22335277	S2-142569598,S2-146545453,S2-357438552,S2-369987552,S2-46310803,S3-425007676,S3-693984318,S3-962607637
S1-291584542	S2-177873237,S2-654562074,S3-236881445,S3-844042071
S1-556611862	S2-146021424,S2-154961257,S2-22034959,S2-341862186,S2-501534718,S2-630672871,S2-711854311,S2-862435993,S2-96867962,S3-125349995,S3-127741306,S3-158901285,S3-222306979,S3-250324284,S3-294208174,S3-298091709,S3-374810425,S3-431726820,S3-498143635,S3-560657213,S3-695502221,S3-86143878,S3-96795509
S1-32767080	S2-698031192,S2-789698410
S1-242691036	S2-501534718,S2-576201028,S2-592412285,S2-767997013,S2-817276686,S3-125349995,S3-155795126,S3-218566871,S3-29698559,S3-516583759,S3-55946551,S3-812557085,S3-961421742,S3-98186645
S1-770890247	S2-210791875
S1-276402071	S2-112287031,S2-207439352,S2-262646344,S2-336076880,S2-459485143,S2-505302528,S2-506155991,S2-554899730,S2-566025912,S2-583114929,S2-699224357,S2-770341988,S3-182512145,S3-200532536,S3-28391425,S3-305215419,S3-556228627,S3-6822167,S3-715117209,S3-780090761,S3-818722089,S3-821572423,S3-92755938,S3-957068009
S1-936869465	S2-20798878,S2-275882814,S2-697514180,S2-70822028,S2-933724724,S2-968505057,S3-22321512,S3-24193561,S3-36174880,S3-561839301,S3-688013575,S3-8200545,S3-971111671
S1-201994316	
S1-905520099	S2-17102176,S2-394696306,S2-965432715,S3-421753436
S1-766655509	S3-183674905,S3-207721934,S3-227725397,S3-276427681,S3-287539645,S3-323904182,S3-483958914,S3-48910651,S3-560657213,S3-960416326
S1-415414688	S2-223826524,S2-408784329,S2-748828746,S2-787861634,S3-127741306,S3-155795126,S3-264170444,S3-611681699,S3-719297797,S3-82573141,S3-841034461
S1-133928599	S2-188368209,S2-336076880,S2-340444360,S2-425334082,S2-64479721,S2-647742770,S2-674782119,S2-750817241,S3-171876413,S3-28391425,S3-534004445,S3-580891382,S3-630840237,S3-64079929,S3-821572423
S1-871112769	S2-188368209,S2-340444360,S2-425334082,S2-647742770,S2-750817241,S3-28391425,S3-534004445,S3-580891382,S3-630840237,S3-64079929,S3-727698517
S1-948985690	S2-501534718,S2-576201028,S2-592412285,S2-61175409,S2-767997013,S2-817276686,S3-125349995,S3-155795126,S3-218566871,S3-255150389,S3-29698559,S3-498143635,S3-516583759,S3-52817413,S3-55946551,S3-716865471,S3-812557085,S3-98186645
S1-653149647	S2-192345572,S2-442790965,S2-796991793,S2-897338634,S2-913930320,S3-191842349,S3-604980231
S1-657251225	S2-136638989,S2-658886344,S2-853556005,S3-206642656,S3-399526928
S1-244474490	S2-292567038,S2-46310803,S2-501534718,S2-576201028,S2-592412285,S2-767997013,S2-817276686,S2-891600450,S3-125349995,S3-155795126,S3-218566871,S3-29698559,S3-482581656,S3-516583759,S3-55946551,S3-729575875,S3-812557085,S3-942611768,S3-98186645,S3-993593070
S1-857992844	S2-699224357,S3-181925627,S3-273272215,S3-447201746
S1-197043206	S2-112287031,S2-207439352,S2-262646344,S2-459485143,S2-505302528,S2-506155991,S2-554899730,S2-566025912,S2-583114929,S3-182512145,S3-273272215,S3-305215419,S3-556228627,S3-6822167,S3-715117209,S3-780090761,S3-818722089,S3-821572423,S3-92755938
S1-269094403	S2-278570858,S2-862000237,S3-198009537,S3-695973055
S1-355078971	S2-146021424,S2-154961257,S2-193510687,S2-22034959,S2-341862186,S2-385507714,S2-501534718,S2-510842397,S2-550697952,S2-575952928,S2-630672871,S2-711854311,S2-784442772,S2-862435993,S2-905827553,S2-96867962,S3-125349995,S3-127741306,S3-158901285,S3-222306979,S3-250324284,S3-286512684,S3-294208174,S3-298091709,S3-374810425,S3-431726820,S3-498143635,S3-560657213,S3-695502221,S3-86143878,S3-958487791,S3-96795509
S1-51627651	S2-222871632,S2-375151053,S2-54411910,S2-682253147,S3-222120,S3-367901084,S3-381935731,S3-468731115
S1-288364156	S2-336821634,S3-509181603
S1-500222888	S2-462183999,S2-672191745,S3-219844340
S1-247274429	S2-4583532,S2-477732440,S2-575952928,S2-85084966,S2-895906111,S2-918973885,S3-180087778,S3-294717043,S3-464088678,S3-509181603,S3-764653606,S3-961421742
S1-260204874	S2-247144607,S2-726058757,S2-84473557,S3-950165485
S1-511066423	S2-860947028,S3-112556658,S3-17552184,S3-521066083,S3-605289520,S3-774736455,S3-811459169
S1-605505884	S2-871683148,S3-271028931,S3-662721327
S1-882791035	
S1-868105169	S2-160823657,S2-20798878,S2-697514180,S2-70822028,S2-933724724,S2-968505057,S3-148461291,S3-161800995,S3-22321512,S3-24193561,S3-36174880,S3-509005412,S3-561839301,S3-646756351,S3-688013575,S3-8200545,S3-831127676,S3-935965425
S1-764707596	S3-75554428
S1-962993818	S2-160823657,S2-188368209,S2-340444360,S2-425334082,S2-647742770,S2-750817241,S2-968505057,S3-148461291,S3-161800995,S3-28391425,S3-509005412,S3-534004445,S3-580891382,S3-630840237,S3-64079929,S3-646756351,S3-831127676,S3-935965425
S1-608940471	S2-112287031,S2-207439352,S2-21907891,S2-23519898,S2-262646344,S2-459485143,S2-505302528,S2-506155991,S2-554899730,S2-566025912,S2-583114929,S3-182512145,S3-305215419,S3-556228627,S3-6822167,S3-712130770,S3-715117209,S3-780090761,S3-818722089,S3-821572423,S3-868511151,S3-92755938
S1-346760887	S2-899542587,S3-175443554,S3-355846923,S3-619003652
S1-597621907	S2-146021424,S2-154961257,S2-22034959,S2-341862186,S2-369987552,S2-501534718,S2-630672871,S2-657995058,S2-711854311,S2-765689508,S2-862435993,S2-96867962,S3-125349995,S3-127741306,S3-158901285,S3-222306979,S3-250324284,S3-294208174,S3-298091709,S3-331435880,S3-355846923,S3-374810425,S3-428243874,S3-431726820,S3-498143635,S3-560657213,S3-695502221,S3-86143878,S3-96795509
S1-36048451	S2-210791875,S2-341862186,S2-507168266,S3-191842349,S3-849725135
S1-98985291	S2-61175409,S3-175443554,S3-210636387,S3-498143635,S3-52817413,S3-652287374,S3-716865471
S1-368908513	S2-973152754,S3-356347371
S1-504750404	S2-351055128,S2-5009845,S2-778895506,S2-965614954,S3-177336223,S3-610536355,S3-732122684
S1-687138169	S2-187095631,S2-219660332,S3-741835199
S1-576111952	S2-135491601,S2-313905133,S2-436667917,S2-91100310,S3-521921590,S3-993593070
S1-907329636	S2-188368209,S2-241220505,S2-340444360,S2-425334082,S2-506155991,S2-647742770,S2-750817241,S3-28391425,S3-534004445,S3-556228627,S3-580891382,S3-630840237,S3-64079929,S3-779949499
S1-220372723	S2-429414207
S1-591377734	S2-506313032,S3-219206801,S3-385365835,S3-797381132
S1-915233460	S2-698031192,S2-789698410
S1-808794467	S2-222871632,S2-375151053,S2-54411910,S2-682253147,S3-222120,S3-367901084,S3-381935731,S3-468731115
S1-119248132	S2-462183999,S2-672191745,S3-219844340
S1-710758303	S2-17102176,S2-394696306,S2-965432715,S3-421753436,S3-84748082
S1-105001584	S2-481572644,S2-731994682,S2-902880487,S2-989542032
S1-382212549	S2-871683148,S3-271028931,S3-662721327
S1-35578091	S2-130168190,S2-59790476,S2-919241341,S2-979536106,S3-640539120
S1-34932143	S2-654270940,S2-872599903,S3-266018996,S3-464088678,S3-577972146
S1-545791724	S2-112287031,S2-207439352,S2-262646344,S2-459485143,S2-478128946,S2-505302528,S2-506155991,S2-554899730,S2-566025912,S2-583114929,S3-182512145,S3-305215419,S3-556228627,S3-6822167,S3-715117209,S3-780090761,S3-818722089,S3-821572423,S3-92755938
S1-869422569	S2-506313032,S3-219206801,S3-385365835,S3-797381132
S1-844617434	S3-265204232,S3-426534154,S3-573605691
S1-488174268	
S1-963501196	S2-584492860,S2-799457326,S3-610536355
S1-531518308	
S1-288588262	S2-729157829,S3-354195606
S1-94665545	S2-146021424,S2-154961257,S2-22034959,S2-341862186,S2-501534718,S2-630672871,S2-711854311,S2-862435993,S2-96867962,S3-125349995,S3-127741306,S3-158901285,S3-222306979,S3-250324284,S3-294208174,S3-298091709,S3-374810425,S3-431726820,S3-498143635,S3-560657213,S3-695502221,S3-86143878,S3-96795509
S1-460829054	S2-899542587,S3-355846923,S3-619003652
S1-817207769	S2-501534718,S2-576201028,S2-592412285,S2-767997013,S2-817276686,S3-125349995,S3-155795126,S3-218566871,S3-29698559,S3-516583759,S3-55946551,S3-812557085,S3-98186645
S1-923121813	S2-112287031,S2-207439352,S2-262646344,S2-459485143,S2-505302528,S2-506155991,S2-554899730,S2-566025912,S2-583114929,S3-1062100,S3-181925627,S3-182512145,S3-273272215,S3-305215419,S3-447201746,S3-512908951,S3-556228627,S3-6822167,S3-715117209,S3-780090761,S3-818722089,S3-821572423,S3-92755938
S1-937797030	S3-495503601,S3-806209375
S1-305324409	
S1-927419156	S3-528485292,S3-788075081,S3-832461160
S1-261393939	S2-860947028,S3-112556658,S3-17552184,S3-521066083,S3-605289520,S3-811459169
S1-158003567	S2-867346039,S2-976793661,S3-150322987,S3-164184713,S3-187125497
S1-772204055	S2-170268811,S2-911310489,S3-870588828
S1-901881022	S2-505183846,S3-203608044,S3-447201746,S3-835032939,S3-978287417
S1-958709603	S2-293341063,S2-747996032,S2-893716684,S3-691294985
S1-864062904	S3-501061754
S1-389115869	S2-899542587,S3-207721934,S3-227725397,S3-287539645,S3-355846923,S3-48910651,S3-560657213,S3-619003652
S1-32131273	S2-559669701,S2-880373574,S3-755180834
S1-485290093	S2-44209004,S2-577684356,S3-536202929,S3-610536355,S3-70943176
S1-449015682	S2-462183999,S2-672191745,S3-219844340
S1-273693856	S2-519059543,S3-219310212
S1-216847975	S2-278570858,S2-862000237,S3-198009537,S3-695973055
S1-942180728	S2-543623385,S2-682586639,S3-111562263
S1-704576365	S3-237604674,S3-267547161
S1-706359294	S2-17102176,S2-394696306,S2-781720719,S2-965432715,S3-421753436
S1-688852755	S2-61175409,S3-2045650,S3-464088678,S3-498143635,S3-52817413,S3-577972146,S3-652287374,S3-716865471
S1-501963178	S2-496421297,S2-590554293,S2-918973885
S1-428039663	
S1-394925431	S2-648630388,S3-185659081,S3-380741339
S1-29387523	S3-115390426,S3-856022427,S3-892319511
S1-960221997	S2-70822028
S1-369896511	S2-17102176,S2-394696306,S2-965432715,S3-421753436
S1-973133967	S3-147393075
S1-957109842	S3-416247723,S3-913148143
S1-718126154	S2-408784329,S2-787861634,S3-155795126,S3-264170444,S3-611681699,S3-82573141,S3-841034461
S1-657028371	S2-112287031,S2-207439352,S2-262646344,S2-459485143,S2-505302528,S2-506155991,S2-554899730,S2-566025912,S2-583114929,S2-770341988,S3-182512145,S3-305215419,S3-556228627,S3-6822167,S3-715117209,S3-780090761,S3-818722089,S3-821572423,S3-92755938
S1-122221465	S3-989976791
S1-241758739	S3-464265492
S1-292853265	S2-231137367,S2-269204507,S2-463756409,S2-845107728,S3-227722749,S3-520005053,S3-894084902,S3-98855106
S1-563412246	S2-39107260,S2-874952494,S2-89663826,S3-202030770,S3-70211138,S3-937510720
S1-635915279	S2-22034959,S2-270257041,S2-408784329,S2-749392034,S2-787861634,S3-155795126,S3-264170444,S3-611681699,S3-82573141,S3-841034461
S1-257953143	S2-871683148,S3-271028931,S3-662721327
S1-935953663	S2-416136682,S2-815181762,S3-632480656,S3-937140604
S1-66970748	S2-146021424,S2-154961257,S2-22034959,S2-341862186,S2-501534718,S2-630672871,S2-711854311,S2-862435993,S2-96867962,S3-125349995,S3-127741306,S3-158901285,S3-222306979,S3-250324284,S3-294208174,S3-298091709,S3-374810425,S3-431726820,S3-498143635,S3-560657213,S3-695502221,S3-86143878,S3-96795509,S3-993593070
S1-613214928	S2-204417353,S2-550625611,S2-783082192,S2-793482283
S1-68168779	S2-501534718,S2-576201028,S2-592412285,S2-627682672,S2-767997013,S2-786671109,S2-817276686,S3-125349995,S3-155795126,S3-218566871,S3-29698559,S3-516583759,S3-55946551,S3-812557085,S3-98186645
S1-181117450	
